case_type,venue,domain,year,paper_id,paper_number,forum_url,title,decision,decision_label,has_decision_note,decision_note,n_reviews,n_scored_reviews,scores,confidences,mean_score,median_score,confidence_weighted_mean,accept_threshold,accept_votes,reject_votes,reviewer_majority,has_meta_review,meta_signature,meta_review,public_discussion_count,public_discussion_word_count,public_author_response_count,public_reviewer_followup_count,public_ac_pc_comment_count
ICLR 2026 accept_to_reject,ICLR 2026,ICLR.cc/2026/Conference,2026,mnI8CFj2WP,8646,https://openreview.net/forum?id=mnI8CFj2WP,Unified Cross-Scale 3D Generation and Understanding via Autoregressive Modeling,reject,ICLR.cc/2026/Conference/Rejected_Submission,True,title: Paper Decision | decision: Reject,4,4,4 8 6 10,4 4 4 4,7.0,7.0,7.0,6,3,1,accept,True,ICLR.cc/2026/Conference/Submission8646/Area_Chair_skbm,novelty/positioning; evidence/baselines; unresolved rebuttal; scope/significance; presentation/readability,6,3788,6,0,0
ICLR 2026 accept_to_reject,ICLR 2026,ICLR.cc/2026/Conference,2026,9HeKCYl1zl,12546,https://openreview.net/forum?id=9HeKCYl1zl,Auto-Regressive Surface Cutting,reject,ICLR.cc/2026/Conference/Rejected_Submission,True,title: Paper Decision | decision: Reject,4,4,6 10 4 6,4 5 3 4,6.5,6.0,6.875,6,3,1,accept,True,ICLR.cc/2026/Conference/Submission12546/Area_Chair_wGmq,novelty/positioning; evidence/baselines; unresolved rebuttal; scope/significance; reproducibility/implementation,12,3476,9,1,2
ICLR 2026 accept_to_reject,ICLR 2026,ICLR.cc/2026/Conference,2026,rouPx6eo2G,885,https://openreview.net/forum?id=rouPx6eo2G,One-Step Score-Based Density Ratio Estimation: Solver-Free with Analytic Frames,reject,ICLR.cc/2026/Conference/Rejected_Submission,True,title: Paper Decision | decision: Reject,5,5,8 6 10 4 6,4 2 3 4 3,6.8,6.0,6.75,6,4,1,accept,True,ICLR.cc/2026/Conference/Submission885/Area_Chair_B1hK,novelty/positioning; evidence/baselines; correctness/theory; scope/significance; presentation/readability,17,6968,13,4,0
ICLR 2026 accept_to_reject,ICLR 2026,ICLR.cc/2026/Conference,2026,05NHmcEpNk,13133,https://openreview.net/forum?id=05NHmcEpNk,Instance-Dependent Continuous-Time Reinforcement Learning via Maximum Likelihood Estimation,reject,ICLR.cc/2026/Conference/Rejected_Submission,True,title: Paper Decision | decision: Reject,3,3,8 4 8,3 3 3,6.666666666666667,8.0,6.666666666666667,6,2,1,accept,True,ICLR.cc/2026/Conference/Submission13133/Area_Chair_PJA1,novelty/positioning; evidence/baselines; correctness/theory; unresolved rebuttal; reproducibility/implementation,10,4474,9,1,0
ICLR 2026 accept_to_reject,ICLR 2026,ICLR.cc/2026/Conference,2026,TSk3cIdIQK,4845,https://openreview.net/forum?id=TSk3cIdIQK,Large Reasoning Models Learn Better Alignment from Flawed Thinking,reject,ICLR.cc/2026/Conference/Rejected_Submission,True,title: Paper Decision | decision: Reject,4,4,8 8 4 6,3 4 3 3,6.5,7.0,6.615384615384615,6,3,1,accept,True,ICLR.cc/2026/Conference/Submission4845/Area_Chair_syYZ,evidence/baselines; correctness/theory; unresolved rebuttal; scope/significance; presentation/readability,16,5467,13,3,0
ICLR 2026 accept_to_reject,ICLR 2026,ICLR.cc/2026/Conference,2026,HVKB5DM5n7,20224,https://openreview.net/forum?id=HVKB5DM5n7,Approximate Equivariance via Projection-Based Regularisation,reject,ICLR.cc/2026/Conference/Rejected_Submission,True,title: Paper Decision | decision: Reject,4,4,6 8 6 6,4 4 2 4,6.5,6.0,6.571428571428571,6,4,0,accept,True,ICLR.cc/2026/Conference/Submission20224/Area_Chair_VRNf,novelty/positioning; evidence/baselines; unresolved rebuttal,14,5189,11,3,0
ICLR 2026 accept_to_reject,ICLR 2026,ICLR.cc/2026/Conference,2026,NbHuzXQT8U,24599,https://openreview.net/forum?id=NbHuzXQT8U,Inverse Linear Bandits via Linear Programs,reject,ICLR.cc/2026/Conference/Rejected_Submission,True,title: Paper Decision | decision: Reject,4,4,8 8 4 6,3 5 4 2,6.5,7.0,6.571428571428571,6,3,1,accept,True,ICLR.cc/2026/Conference/Submission24599/Area_Chair_ryGx,unresolved rebuttal; scope/significance; presentation/readability,10,3138,6,4,0
ICLR 2026 accept_to_reject,ICLR 2026,ICLR.cc/2026/Conference,2026,cu6xWUNOzQ,16614,https://openreview.net/forum?id=cu6xWUNOzQ,Aligning the Brain with Language Models Through a Nonlinear and Multimodal Approach,reject,ICLR.cc/2026/Conference/Rejected_Submission,True,title: Paper Decision | decision: Reject,3,3,6 4 10,2 5 4,6.666666666666667,6.0,6.545454545454546,6,2,1,accept,True,ICLR.cc/2026/Conference/Submission16614/Area_Chair_8gSU,novelty/positioning; evidence/baselines; scope/significance,10,4206,10,0,0
ICLR 2026 accept_to_reject,ICLR 2026,ICLR.cc/2026/Conference,2026,ebgsbC4x5W,15925,https://openreview.net/forum?id=ebgsbC4x5W,Online Rubrics Elicitation from Pairwise Comparisons,reject,ICLR.cc/2026/Conference/Rejected_Submission,True,title: Paper Decision | decision: Reject,4,4,6 6 6 8,4 4 3 4,6.5,6.0,6.533333333333333,6,4,0,accept,True,ICLR.cc/2026/Conference/Submission15925/Area_Chair_JJ8D,novelty/positioning; evidence/baselines; scope/significance; presentation/readability; calibration/process,21,3961,21,0,0
ICLR 2026 accept_to_reject,ICLR 2026,ICLR.cc/2026/Conference,2026,YKTJJCNXF4,21593,https://openreview.net/forum?id=YKTJJCNXF4,Transport Clustering: Solving Low-Rank Optimal Transport via Clustering,reject,ICLR.cc/2026/Conference/Rejected_Submission,True,title: Paper Decision | decision: Reject,4,4,6 6 8 6,3 3 3 3,6.5,6.0,6.5,6,4,0,accept,True,ICLR.cc/2026/Conference/Submission21593/Area_Chair_vW6y,unresolved rebuttal; scope/significance; reproducibility/implementation,7,2773,7,0,0
ICLR 2026 accept_to_reject,ICLR 2026,ICLR.cc/2026/Conference,2026,AXXCo0pOSO,8745,https://openreview.net/forum?id=AXXCo0pOSO,Scalable Supervising Software Agents with Patch Reasoner,reject,ICLR.cc/2026/Conference/Rejected_Submission,True,title: Paper Decision | decision: Reject,4,4,6 6 8 6,5 3 4 4,6.5,6.0,6.5,6,4,0,accept,True,ICLR.cc/2026/Conference/Submission8745/Area_Chair_BZaR,evidence/baselines; correctness/theory; unresolved rebuttal; scope/significance; presentation/readability,10,5201,9,0,0
ICLR 2026 accept_to_reject,ICLR 2026,ICLR.cc/2026/Conference,2026,EFYb8SsRi7,11770,https://openreview.net/forum?id=EFYb8SsRi7,Error Analysis of Discrete Flow with Generator Matching,reject,ICLR.cc/2026/Conference/Rejected_Submission,True,title: Paper Decision | decision: Reject,4,4,4 8 6 8,3 3 4 3,6.5,7.0,6.461538461538462,6,3,1,accept,True,ICLR.cc/2026/Conference/Submission11770/Area_Chair_GrpJ,novelty/positioning; evidence/baselines; correctness/theory; unresolved rebuttal; scope/significance,12,5235,9,3,0
ICLR 2026 reject_to_accept,ICLR 2026,ICLR.cc/2026/Conference,2026,05hNleYOcG,9695,https://openreview.net/forum?id=05hNleYOcG,PLAGUE: Plug-and-play Framework for Lifelong Adaptive Generation of Multi-turn Jailbreaks,accept,ICLR.cc/2026/Conference,True,title: Paper Decision | decision: Accept (Poster),4,4,2 2 4 2,5 5 3 4,2.5,2.0,2.3529411764705883,6,0,4,reject,True,ICLR.cc/2026/Conference/Submission9695/Area_Chair_zeSf,novelty/positioning; evidence/baselines; scope/significance; presentation/readability,10,2638,9,1,0
ICLR 2026 reject_to_accept,ICLR 2026,ICLR.cc/2026/Conference,2026,Q9gz8lVyAi,2189,https://openreview.net/forum?id=Q9gz8lVyAi,GAGA: Gaussianity-Aware Gaussian Approximation for Efficient 3D Molecular Generation,accept,ICLR.cc/2026/Conference,True,title: Paper Decision | decision: Accept (Poster),3,3,4 2 2,4 4 3,2.6666666666666665,2.0,2.727272727272727,6,0,3,reject,True,ICLR.cc/2026/Conference/Submission2189/Area_Chair_Sqbx,novelty/positioning; evidence/baselines; correctness/theory; presentation/readability; reproducibility/implementation,13,5852,11,2,0
ICLR 2026 reject_to_accept,ICLR 2026,ICLR.cc/2026/Conference,2026,khBHJz2wcV,17809,https://openreview.net/forum?id=khBHJz2wcV,Physics-Constrained Fine-Tuning of Flow-Matching Models for Generation and Inverse Problems,accept,ICLR.cc/2026/Conference,True,title: Paper Decision | decision: Accept (Poster),4,4,4 6 2 0,4 3 4 4,3.0,3.0,2.8,6,1,3,reject,True,ICLR.cc/2026/Conference/Submission17809/Area_Chair_azfW,novelty/positioning; evidence/baselines; scope/significance,10,3861,8,2,0
ICLR 2026 reject_to_accept,ICLR 2026,ICLR.cc/2026/Conference,2026,b1ITgc4J4M,22077,https://openreview.net/forum?id=b1ITgc4J4M,Residual Feature Integration is Sufficient to Prevent Negative Transfer,accept,ICLR.cc/2026/Conference,True,title: Paper Decision | decision: Accept (Poster),4,4,4 2 4 2,3 4 4 4,3.0,3.0,2.933333333333333,6,0,4,reject,True,ICLR.cc/2026/Conference/Submission22077/Area_Chair_GmPh,novelty/positioning; evidence/baselines; correctness/theory; scope/significance; presentation/readability,5,3304,5,0,0
ICLR 2026 reject_to_accept,ICLR 2026,ICLR.cc/2026/Conference,2026,JMmljf895g,14500,https://openreview.net/forum?id=JMmljf895g,Not-a-Bandit: Provably No-Regret Drafter Selection in Speculative Decoding for LLMs,accept,ICLR.cc/2026/Conference,True,title: Paper Decision | decision: Accept (Poster),4,4,4 2 2 4,4 5 4 4,3.0,3.0,2.9411764705882355,6,0,4,reject,True,ICLR.cc/2026/Conference/Submission14500/Area_Chair_WAyu,novelty/positioning; evidence/baselines; correctness/theory; unresolved rebuttal; calibration/process,20,11120,20,0,0
ICLR 2026 reject_to_accept,ICLR 2026,ICLR.cc/2026/Conference,2026,ioYdy7aghG,16465,https://openreview.net/forum?id=ioYdy7aghG,Tab-MIA: A Benchmark Dataset for Membership Inference Attacks on Tabular Data in LLMs,accept,ICLR.cc/2026/Conference,True,title: Paper Decision | decision: Accept (Poster),4,4,0 4 2 6,4 4 4 4,3.0,3.0,3.0,6,1,3,reject,True,ICLR.cc/2026/Conference/Submission16465/Area_Chair_zTyz,novelty/positioning; evidence/baselines; scope/significance; reproducibility/implementation; ethics/safety,8,3401,6,2,0
ICLR 2026 reject_to_accept,ICLR 2026,ICLR.cc/2026/Conference,2026,4K2NNr9W5C,1174,https://openreview.net/forum?id=4K2NNr9W5C,Pay Less Attention to Function Words for Free Robustness of Vision-Language Models,accept,ICLR.cc/2026/Conference,True,title: Paper Decision | decision: Accept (Poster),4,4,2 2 4 4,4 4 4 4,3.0,3.0,3.0,6,0,4,reject,True,ICLR.cc/2026/Conference/Submission1174/Area_Chair_ckYh,novelty/positioning; evidence/baselines; unresolved rebuttal; scope/significance; calibration/process,29,7493,23,6,0
ICLR 2026 reject_to_accept,ICLR 2026,ICLR.cc/2026/Conference,2026,YAWpZcXHnP,8465,https://openreview.net/forum?id=YAWpZcXHnP,Rigidity-Aware Geometric Pretraining for Protein Design and Conformational Ensembles,accept,ICLR.cc/2026/Conference,True,title: Paper Decision | decision: Accept (Poster),4,4,2 2 2 6,4 4 3 4,3.0,2.0,3.066666666666667,6,1,3,reject,True,ICLR.cc/2026/Conference/Submission8465/Area_Chair_a6Br,novelty/positioning; evidence/baselines; presentation/readability; calibration/process,6,2417,6,0,0
ICLR 2026 reject_to_accept,ICLR 2026,ICLR.cc/2026/Conference,2026,itUo64aUeK,22417,https://openreview.net/forum?id=itUo64aUeK,"Overtone: Cyclic Patch Modulation for Clean, Efficient, and Flexible Physics Emulators",accept,ICLR.cc/2026/Conference,True,title: Paper Decision | decision: Accept (Poster),4,4,2 4 2 4,4 4 3 4,3.0,3.0,3.066666666666667,6,0,4,reject,True,ICLR.cc/2026/Conference/Submission22417/Area_Chair_uLk6,novelty/positioning; evidence/baselines; correctness/theory; unresolved rebuttal; scope/significance,5,2366,5,0,0
ICLR 2026 reject_to_accept,ICLR 2026,ICLR.cc/2026/Conference,2026,gdafM5zp1h,20653,https://openreview.net/forum?id=gdafM5zp1h,TAVAE: A VAE with Adaptable Priors Explains Contextual Modulation in the Visual Cortex,accept,ICLR.cc/2026/Conference,True,title: Paper Decision | decision: Accept (Poster),3,3,2 2 6,4 4 3,3.3333333333333335,2.0,3.090909090909091,6,1,2,reject,True,ICLR.cc/2026/Conference/Submission20653/Area_Chair_CM8M,evidence/baselines; unresolved rebuttal; scope/significance; calibration/process,18,6480,16,2,0
ICLR 2026 reject_to_accept,ICLR 2026,ICLR.cc/2026/Conference,2026,DYjyFDn8K7,18344,https://openreview.net/forum?id=DYjyFDn8K7,Fine-Tuning Diffusion Models via Intermediate Distribution Shaping,accept,ICLR.cc/2026/Conference,True,title: Paper Decision | decision: Accept (Poster),3,3,2 2 6,3 5 3,3.3333333333333335,2.0,3.090909090909091,6,1,2,reject,True,ICLR.cc/2026/Conference/Submission18344/Area_Chair_JuNn,novelty/positioning; evidence/baselines; correctness/theory; scope/significance; calibration/process,13,5484,12,1,0
ICLR 2026 reject_to_accept,ICLR 2026,ICLR.cc/2026/Conference,2026,4sGEvpwyxN,18192,https://openreview.net/forum?id=4sGEvpwyxN,High-Probability Bounds for the Last Iterate of Clipped SGD,accept,ICLR.cc/2026/Conference,True,title: Paper Decision | decision: Accept (Poster),4,4,2 2 6 2,3 4 4 3,3.0,2.0,3.142857142857143,6,1,3,reject,True,ICLR.cc/2026/Conference/Submission18192/Area_Chair_xBKf,correctness/theory; presentation/readability,18,6308,12,6,0
ICLR 2025 accept_to_reject,ICLR 2025,ICLR.cc/2025/Conference,2025,feFlfuOse1,5227,https://openreview.net/forum?id=feFlfuOse1,Gymnasium: A Standard Interface for Reinforcement Learning Environments,reject,ICLR.cc/2025/Conference/Rejected_Submission,True,title: Paper Decision | decision: Reject,4,4,5 10 6 8,3 5 2 5,7.25,7.0,7.8,6,3,1,accept,True,ICLR.cc/2025/Conference/Submission5227/Area_Chair_2wiF,scope/significance; calibration/process,5,1391,4,1,0
ICLR 2025 accept_to_reject,ICLR 2025,ICLR.cc/2025/Conference,2025,jsVehKnSj4,10460,https://openreview.net/forum?id=jsVehKnSj4,Minimax-optimal trust-aware multi-armed bandits,reject,ICLR.cc/2025/Conference/Rejected_Submission,True,title: Paper Decision | decision: Reject,4,4,8 8 6 8,4 4 3 3,7.5,8.0,7.571428571428571,6,4,0,accept,True,ICLR.cc/2025/Conference/Submission10460/Area_Chair_w526,correctness/theory,9,2855,6,3,0
ICLR 2025 accept_to_reject,ICLR 2025,ICLR.cc/2025/Conference,2025,LC2KxRwC3n,8043,https://openreview.net/forum?id=LC2KxRwC3n,A is for Absorption: Studying Feature Splitting and Absorption in Sparse Autoencoders,reject,ICLR.cc/2025/Conference/Rejected_Submission,True,title: Paper Decision | decision: Reject,4,4,8 6 8 8,3 3 4 4,7.5,8.0,7.571428571428571,6,4,0,accept,True,ICLR.cc/2025/Conference/Submission8043/Area_Chair_xZjR,evidence/baselines; scope/significance; presentation/readability; reproducibility/implementation,14,3114,7,5,0
ICLR 2025 accept_to_reject,ICLR 2025,ICLR.cc/2025/Conference,2025,j7b4mm7Ec9,6590,https://openreview.net/forum?id=j7b4mm7Ec9,Towards Lightweight Deep Watermarking Framework,reject,ICLR.cc/2025/Conference/Rejected_Submission,True,title: Paper Decision | decision: Reject,5,5,8 8 8 8 6,3 3 4 3 4,7.6,8.0,7.529411764705882,6,5,0,accept,True,ICLR.cc/2025/Conference/Submission6590/Area_Chair_SbKv,evidence/baselines; reproducibility/implementation,18,6549,16,2,0
ICLR 2025 accept_to_reject,ICLR 2025,ICLR.cc/2025/Conference,2025,eciCtsqGc8,4588,https://openreview.net/forum?id=eciCtsqGc8,Interpretable Pre-Trained Transformers for Heart Time-Series Data,reject,ICLR.cc/2025/Conference/Rejected_Submission,True,title: Paper Decision | decision: Reject,3,3,6 8 8,3 5 4,7.333333333333333,8.0,7.5,6,3,0,accept,True,ICLR.cc/2025/Conference/Submission4588/Area_Chair_gKLA,novelty/positioning; scope/significance; presentation/readability,9,3633,6,3,0
ICLR 2025 accept_to_reject,ICLR 2025,ICLR.cc/2025/Conference,2025,p1HeFnn2AA,10726,https://openreview.net/forum?id=p1HeFnn2AA,Deep Learning for Two-Sided Matching,reject,ICLR.cc/2025/Conference/Rejected_Submission,True,title: Paper Decision | decision: Reject,3,3,8 8 6,4 3 4,7.333333333333333,8.0,7.2727272727272725,6,3,0,accept,True,ICLR.cc/2025/Conference/Submission10726/Area_Chair_h23s,novelty/positioning; scope/significance; reproducibility/implementation,7,1208,5,2,0
ICLR 2025 accept_to_reject,ICLR 2025,ICLR.cc/2025/Conference,2025,NzEIjnIIzv,10555,https://openreview.net/forum?id=NzEIjnIIzv,Bitune: Leveraging Bidirectional Attention to Improve Decoder-Only LLMs,reject,ICLR.cc/2025/Conference/Rejected_Submission,True,title: Paper Decision | decision: Reject,4,4,6 10 5 8,4 4 4 4,7.25,7.0,7.25,6,3,1,accept,True,ICLR.cc/2025/Conference/Submission10555/Area_Chair_x8Aw,novelty/positioning; evidence/baselines; correctness/theory; scope/significance; presentation/readability,14,2904,9,5,0
ICLR 2025 accept_to_reject,ICLR 2025,ICLR.cc/2025/Conference,2025,GYik1jT3gE,12120,https://openreview.net/forum?id=GYik1jT3gE,Initialization Matters: Unraveling the Impact of Pre-Training on Federated Learning,reject,ICLR.cc/2025/Conference/Rejected_Submission,True,title: Paper Decision | decision: Reject,4,4,8 8 6 6,3 5 3 3,7.0,7.0,7.142857142857143,6,4,0,accept,True,ICLR.cc/2025/Conference/Submission12120/Area_Chair_km5s,evidence/baselines; correctness/theory; presentation/readability,18,6765,12,3,0
ICLR 2025 accept_to_reject,ICLR 2025,ICLR.cc/2025/Conference,2025,ak7r4He1qH,12559,https://openreview.net/forum?id=ak7r4He1qH,AgentClinic: a multimodal agent benchmark to evaluate AI in simulated clinical environments,reject,ICLR.cc/2025/Conference/Rejected_Submission,True,title: Paper Decision | decision: Reject,5,5,6 8 8 8 6,5 3 4 4 4,7.2,8.0,7.1,6,5,0,accept,True,ICLR.cc/2025/Conference/Submission12559/Area_Chair_PWjf,evidence/baselines; correctness/theory; scope/significance; reproducibility/implementation; ethics/safety,20,7081,12,7,0
ICLR 2025 accept_to_reject,ICLR 2025,ICLR.cc/2025/Conference,2025,1IeCqgULIM,3031,https://openreview.net/forum?id=1IeCqgULIM,Abstracting and Refining Provably Sufficient Explanations of Neural Network Predictions,reject,ICLR.cc/2025/Conference/Rejected_Submission,True,title: Paper Decision | decision: Reject,4,4,8 8 5 8,3 3 3 1,7.25,8.0,7.1,6,3,1,accept,True,ICLR.cc/2025/Conference/Submission3031/Area_Chair_oM6c,evidence/baselines; reproducibility/implementation,18,5416,13,5,0
ICLR 2025 accept_to_reject,ICLR 2025,ICLR.cc/2025/Conference,2025,Q7uE3M5aMD,2431,https://openreview.net/forum?id=Q7uE3M5aMD,Discrimination-free Insurance Pricing with Privatized Sensitive Attributes,reject,ICLR.cc/2025/Conference/Rejected_Submission,True,title: Paper Decision | decision: Reject,4,4,6 8 8 6,2 3 3 3,7.0,7.0,7.090909090909091,6,4,0,accept,True,ICLR.cc/2025/Conference/Submission2431/Area_Chair_vZXk,novelty/positioning; evidence/baselines; correctness/theory; scope/significance; presentation/readability,29,9013,22,7,0
ICLR 2025 accept_to_reject,ICLR 2025,ICLR.cc/2025/Conference,2025,s5N7p5UjgR,11801,https://openreview.net/forum?id=s5N7p5UjgR,Markovian Transformers for Informative Language Modeling,reject,ICLR.cc/2025/Conference/Rejected_Submission,True,title: Paper Decision | decision: Reject,4,4,5 6 6 10,2 4 4 4,6.75,6.0,7.0,6,3,1,accept,True,ICLR.cc/2025/Conference/Submission11801/Area_Chair_HVJ3,evidence/baselines; scope/significance; reproducibility/implementation,15,3857,10,5,0
ICLR 2025 reject_to_accept,ICLR 2025,ICLR.cc/2025/Conference,2025,zd0iX5xBhA,8744,https://openreview.net/forum?id=zd0iX5xBhA,System 1.x: Learning to Balance Fast and Slow Planning with Language Models,accept,ICLR.cc/2025/Conference,True,title: Paper Decision | decision: Accept (Poster),4,4,5 6 3 1,4 4 5 5,3.75,4.0,3.5555555555555554,6,1,3,reject,True,ICLR.cc/2025/Conference/Submission8744/Area_Chair_CAwX,"Meta-review rationale present, no simple keyword theme",11,4796,8,3,0
ICLR 2025 reject_to_accept,ICLR 2025,ICLR.cc/2025/Conference,2025,6ouZaBzeNO,10262,https://openreview.net/forum?id=6ouZaBzeNO,Physiome-ODE: A Benchmark for Irregularly Sampled Multivariate Time-Series Forecasting Based on Biological ODEs,accept,ICLR.cc/2025/Conference,True,title: Paper Decision | decision: Accept (Poster),4,4,6 3 3 3,3 3 4 4,3.75,3.0,3.642857142857143,6,1,3,reject,True,ICLR.cc/2025/Conference/Submission10262/Area_Chair_KZjZ,evidence/baselines; unresolved rebuttal,8,1911,4,4,0
ICLR 2025 reject_to_accept,ICLR 2025,ICLR.cc/2025/Conference,2025,BH8Nrt2dPf,3310,https://openreview.net/forum?id=BH8Nrt2dPf,Horizon Generalization in Reinforcement Learning,accept,ICLR.cc/2025/Conference,True,title: Paper Decision | decision: Accept (Poster),4,4,3 3 5 6,4 4 3 2,4.25,4.0,3.923076923076923,6,1,3,reject,True,ICLR.cc/2025/Conference/Submission3310/Area_Chair_qUqJ,novelty/positioning; evidence/baselines; correctness/theory; presentation/readability,19,4723,17,2,0
ICLR 2025 reject_to_accept,ICLR 2025,ICLR.cc/2025/Conference,2025,F52tAK5Gbg,3224,https://openreview.net/forum?id=F52tAK5Gbg,Differentially private optimization for non-decomposable objective functions,accept,ICLR.cc/2025/Conference,True,title: Paper Decision | decision: Accept (Poster),5,5,6 1 5 3 5,4 4 4 4 3,4.0,5.0,3.9473684210526314,6,1,4,reject,True,ICLR.cc/2025/Conference/Submission3224/Area_Chair_fCgh,novelty/positioning; evidence/baselines; correctness/theory; scope/significance; presentation/readability,19,5083,13,6,0
ICLR 2025 reject_to_accept,ICLR 2025,ICLR.cc/2025/Conference,2025,G7sIFXugTX,13886,https://openreview.net/forum?id=G7sIFXugTX,SWE-Search: Enhancing Software Agents with Monte Carlo Tree Search and Iterative Refinement,accept,ICLR.cc/2025/Conference,True,title: Paper Decision | decision: Accept (Poster),4,4,3 5 5 3,3 3 4 4,4.0,4.0,4.0,6,0,4,reject,True,ICLR.cc/2025/Conference/Submission13886/Area_Chair_gjLi,novelty/positioning; scope/significance; reproducibility/implementation,22,6136,15,7,0
ICLR 2025 reject_to_accept,ICLR 2025,ICLR.cc/2025/Conference,2025,VYWBMq1L7H,12835,https://openreview.net/forum?id=VYWBMq1L7H,MrT5: Dynamic Token Merging for Efficient Byte-level Language Models,accept,ICLR.cc/2025/Conference,True,title: Paper Decision | decision: Accept (Poster),4,4,6 5 3 3,4 4 4 5,4.25,4.0,4.176470588235294,6,1,3,reject,True,ICLR.cc/2025/Conference/Submission12835/Area_Chair_auUJ,novelty/positioning; evidence/baselines; scope/significance; presentation/readability; calibration/process,14,5206,13,1,0
ICLR 2025 reject_to_accept,ICLR 2025,ICLR.cc/2025/Conference,2025,8zxGruuzr9,4786,https://openreview.net/forum?id=8zxGruuzr9,Do LLMs have Consistent Values?,accept,ICLR.cc/2025/Conference,True,title: Paper Decision | decision: Accept (Poster),4,4,5 3 6 3,3 4 4 4,4.25,4.0,4.2,6,1,3,reject,True,ICLR.cc/2025/Conference/Submission4786/Area_Chair_Rtnv,novelty/positioning; evidence/baselines; correctness/theory; scope/significance,0,0,0,0,0
ICLR 2025 reject_to_accept,ICLR 2025,ICLR.cc/2025/Conference,2025,3fGtV4Zfgq,6495,https://openreview.net/forum?id=3fGtV4Zfgq,Fast training and sampling of Restricted Boltzmann Machines,accept,ICLR.cc/2025/Conference,True,title: Paper Decision | decision: Accept (Poster),4,4,3 6 5 3,3 4 5 4,4.25,4.0,4.375,6,1,3,reject,True,ICLR.cc/2025/Conference/Submission6495/Area_Chair_SE3x,evidence/baselines,31,12514,22,9,0
ICLR 2025 reject_to_accept,ICLR 2025,ICLR.cc/2025/Conference,2025,5WEpbilssv,3942,https://openreview.net/forum?id=5WEpbilssv,Contextualizing biological perturbation experiments through language,accept,ICLR.cc/2025/Conference,True,title: Paper Decision | decision: Accept (Poster),5,5,6 3 5 6 3,3 3 3 4 5,4.6,5.0,4.5,6,2,3,reject,True,ICLR.cc/2025/Conference/Submission3942/Area_Chair_ViiQ,scope/significance; presentation/readability,21,5616,15,6,0
ICLR 2025 reject_to_accept,ICLR 2025,ICLR.cc/2025/Conference,2025,LIBLIlk5M9,3389,https://openreview.net/forum?id=LIBLIlk5M9,CPSample: Classifier Protected Sampling for Guarding Training Data During Diffusion,accept,ICLR.cc/2025/Conference,True,title: Paper Decision | decision: Accept (Poster),4,4,5 3 5 5,4 4 4 4,4.5,5.0,4.5,6,0,4,reject,True,ICLR.cc/2025/Conference/Submission3389/Area_Chair_DVmr,novelty/positioning; evidence/baselines; correctness/theory; scope/significance; presentation/readability,9,3575,5,4,0
ICLR 2025 reject_to_accept,ICLR 2025,ICLR.cc/2025/Conference,2025,FEpAUnS7f7,12643,https://openreview.net/forum?id=FEpAUnS7f7,Empowering Users in Digital Privacy Management through Interactive LLM-Based Agents,accept,ICLR.cc/2025/Conference,True,title: Paper Decision | decision: Accept (Poster),5,5,6 5 5 3 5,2 4 4 5 2,4.8,5.0,4.529411764705882,6,1,4,reject,True,ICLR.cc/2025/Conference/Submission12643/Area_Chair_bxn6,evidence/baselines; reproducibility/implementation; ethics/safety,9,4900,7,2,0
ICLR 2025 reject_to_accept,ICLR 2025,ICLR.cc/2025/Conference,2025,bmbRCRiNDu,7777,https://openreview.net/forum?id=bmbRCRiNDu,Dualformer: Controllable Fast and Slow Thinking by Learning with Randomized Reasoning Traces,accept,ICLR.cc/2025/Conference,True,title: Paper Decision | decision: Accept (Poster),4,4,5 3 5 6,3 5 5 3,4.75,5.0,4.5625,6,1,3,reject,True,ICLR.cc/2025/Conference/Submission7777/Area_Chair_CzRT,evidence/baselines; correctness/theory; presentation/readability,21,5288,17,4,0
ICLR 2024 accept_to_reject,ICLR 2024,ICLR.cc/2024/Conference,2024,HL5P4H8eO2,1693,https://openreview.net/forum?id=HL5P4H8eO2,Differentiable Trajectory Optimization as a Policy Class for Reinforcement and Imitation Learning,reject,ICLR.cc/2024/Conference/Rejected_Submission,True,title: Paper Decision | decision: Reject,4,4,8 6 8 10,4 3 4 4,8.0,8.0,8.133333333333333,6,4,0,accept,True,ICLR.cc/2024/Conference/Submission1693/Area_Chair_e48K,novelty/positioning; calibration/process,13,4307,9,1,0
ICLR 2024 accept_to_reject,ICLR 2024,ICLR.cc/2024/Conference,2024,MEbNz44926,1953,https://openreview.net/forum?id=MEbNz44926,Flexible Residual Binarization for Image Super-Resolution,reject,ICLR.cc/2024/Conference/Rejected_Submission,True,title: Paper Decision | decision: Reject,4,4,8 8 8 8,4 4 5 4,8.0,8.0,8.0,6,4,0,accept,True,ICLR.cc/2024/Conference/Program_Chairs,novelty/positioning; scope/significance; calibration/process,10,3361,6,4,0
ICLR 2024 accept_to_reject,ICLR 2024,ICLR.cc/2024/Conference,2024,I5lcjmFmlc,42,https://openreview.net/forum?id=I5lcjmFmlc,Robust Classification via a Single Diffusion Model,reject,ICLR.cc/2024/Conference/Rejected_Submission,True,title: Paper Decision | decision: Reject,3,3,8 8 8,4 4 3,8.0,8.0,8.0,6,3,0,accept,True,ICLR.cc/2024/Conference/Submission42/Area_Chair_WX8w,novelty/positioning; evidence/baselines; calibration/process; reproducibility/implementation,12,4540,8,3,0
ICLR 2024 accept_to_reject,ICLR 2024,ICLR.cc/2024/Conference,2024,3tjTJeXyA7,6166,https://openreview.net/forum?id=3tjTJeXyA7,Revitalizing Channel-dimension Fourier Transform for Image Enhancement,reject,ICLR.cc/2024/Conference/Rejected_Submission,True,title: Paper Decision | decision: Reject,4,4,6 6 10 8,5 5 5 4,7.5,7.0,7.473684210526316,6,4,0,accept,True,ICLR.cc/2024/Conference/Program_Chairs,novelty/positioning; scope/significance; calibration/process,6,2794,6,0,0
ICLR 2024 accept_to_reject,ICLR 2024,ICLR.cc/2024/Conference,2024,le1UUMd45T,5602,https://openreview.net/forum?id=le1UUMd45T,Solving Multiobjective Combinatorial Optimization via Learn to Improve Method,reject,ICLR.cc/2024/Conference/Rejected_Submission,True,title: Paper Decision | decision: Reject,4,4,8 8 8 6,4 4 3 4,7.5,8.0,7.466666666666667,6,4,0,accept,True,ICLR.cc/2024/Conference/Submission5602/Area_Chair_KzZi,novelty/positioning; evidence/baselines; correctness/theory; scope/significance; presentation/readability,9,1575,7,2,0
ICLR 2024 accept_to_reject,ICLR 2024,ICLR.cc/2024/Conference,2024,kVj2uyytyg,8315,https://openreview.net/forum?id=kVj2uyytyg,Unsupervised Federated Graph Matching with Graphlet Feature Extraction and Separate Trust Region,reject,ICLR.cc/2024/Conference/Rejected_Submission,True,title: Paper Decision | decision: Reject,4,4,6 8 8 6,3 4 5 3,7.0,7.0,7.2,6,4,0,accept,True,ICLR.cc/2024/Conference/Program_Chairs,scope/significance; calibration/process; reproducibility/implementation,15,4750,11,4,0
ICLR 2024 accept_to_reject,ICLR 2024,ICLR.cc/2024/Conference,2024,FI0vOp2asx,9239,https://openreview.net/forum?id=FI0vOp2asx,Cooperative Hardware-Prompt Learning for Snapshot Compressive Imaging,reject,ICLR.cc/2024/Conference/Rejected_Submission,True,title: Paper Decision | decision: Reject,4,4,6 8 8 6,4 4 5 3,7.0,7.0,7.125,6,4,0,accept,True,ICLR.cc/2024/Conference/Program_Chairs,novelty/positioning; evidence/baselines; correctness/theory; scope/significance; calibration/process,11,3658,8,3,0
ICLR 2024 accept_to_reject,ICLR 2024,ICLR.cc/2024/Conference,2024,OZWHYyfPwY,5953,https://openreview.net/forum?id=OZWHYyfPwY,Don't trust your eyes: on the (un)reliability of feature visualizations,reject,ICLR.cc/2024/Conference/Rejected_Submission,True,title: Paper Decision | decision: Reject,4,4,8 6 6 8,4 3 3 3,7.0,7.0,7.076923076923077,6,4,0,accept,True,ICLR.cc/2024/Conference/Submission5953/Area_Chair_X9mu,novelty/positioning; evidence/baselines; correctness/theory; scope/significance; calibration/process,12,4049,9,3,0
ICLR 2024 accept_to_reject,ICLR 2024,ICLR.cc/2024/Conference,2024,TmcH09s6pT,398,https://openreview.net/forum?id=TmcH09s6pT,Generalized Neural Collapse for a Large Number of Classes,reject,ICLR.cc/2024/Conference/Rejected_Submission,True,title: Paper Decision | decision: Reject,4,4,8 6 8 6,3 4 5 3,7.0,7.0,7.066666666666666,6,4,0,accept,True,ICLR.cc/2024/Conference/Submission398/Area_Chair_RCB3,evidence/baselines; correctness/theory; calibration/process,13,4092,11,2,0
ICLR 2024 accept_to_reject,ICLR 2024,ICLR.cc/2024/Conference,2024,U5BZcr0H7r,2358,https://openreview.net/forum?id=U5BZcr0H7r,Multi-Armed Bandits with Abstention,reject,ICLR.cc/2024/Conference/Rejected_Submission,True,title: Paper Decision | decision: Reject,4,4,6 8 6 8,3 4 4 3,7.0,7.0,7.0,6,4,0,accept,True,ICLR.cc/2024/Conference/Submission2358/Area_Chair_DPDv,novelty/positioning; scope/significance; calibration/process,16,3922,11,5,0
ICLR 2024 accept_to_reject,ICLR 2024,ICLR.cc/2024/Conference,2024,6FAH0SgQzO,4308,https://openreview.net/forum?id=6FAH0SgQzO,FedRC: Tackling Diverse Distribution Shifts Challenge in Federated Learning by Robust Clustering,reject,ICLR.cc/2024/Conference/Rejected_Submission,True,title: Paper Decision | decision: Reject,3,3,8 8 5,4 4 4,7.0,8.0,7.0,6,2,1,accept,True,ICLR.cc/2024/Conference/Submission4308/Area_Chair_2sgx,correctness/theory; calibration/process; reproducibility/implementation,14,6414,12,2,0
ICLR 2024 accept_to_reject,ICLR 2024,ICLR.cc/2024/Conference,2024,D6aGz0Zyvn,2653,https://openreview.net/forum?id=D6aGz0Zyvn,Enhancing Kernel Flexibility via Learning Asymmetric Locally-Adaptive Kernels,reject,ICLR.cc/2024/Conference/Rejected_Submission,True,title: Paper Decision | decision: Reject,3,3,8 5 8,4 4 4,7.0,8.0,7.0,6,2,1,accept,True,ICLR.cc/2024/Conference/Submission2653/Area_Chair_8xnv,novelty/positioning; evidence/baselines; scope/significance; calibration/process; reproducibility/implementation,18,4626,14,3,1
ICLR 2024 reject_to_accept,ICLR 2024,ICLR.cc/2024/Conference,2024,NGVljI6HkR,6536,https://openreview.net/forum?id=NGVljI6HkR,Reclaiming the Source of Programmatic Policies: Programmatic versus Latent Spaces,accept,ICLR.cc/2024/Conference,True,title: Paper Decision | decision: Accept (poster),3,3,3 3 5,4 3 4,3.6666666666666665,3.0,3.727272727272727,6,0,3,reject,True,ICLR.cc/2024/Conference/Submission6536/Area_Chair_RGZt,novelty/positioning; evidence/baselines; scope/significance; calibration/process,15,3311,11,4,0
ICLR 2024 reject_to_accept,ICLR 2024,ICLR.cc/2024/Conference,2024,FDQF6A1s6M,3698,https://openreview.net/forum?id=FDQF6A1s6M,LOQA: Learning with Opponent Q-Learning Awareness,accept,ICLR.cc/2024/Conference,True,title: Paper Decision | decision: Accept (poster),5,5,3 5 3 6 3,3 3 4 3 4,4.0,3.0,3.8823529411764706,6,1,4,reject,True,ICLR.cc/2024/Conference/Submission3698/Area_Chair_nPLp,novelty/positioning; evidence/baselines; calibration/process; reproducibility/implementation,10,2602,5,5,0
ICLR 2024 reject_to_accept,ICLR 2024,ICLR.cc/2024/Conference,2024,RemfXx7ebP,4350,https://openreview.net/forum?id=RemfXx7ebP,RDesign: Hierarchical Data-efficient Representation Learning for Tertiary Structure-based RNA Design,accept,ICLR.cc/2024/Conference,True,title: Paper Decision | decision: Accept (poster),3,3,6 3 3,4 4 5,4.0,3.0,3.923076923076923,6,1,2,reject,True,ICLR.cc/2024/Conference/Program_Chairs,evidence/baselines; scope/significance; calibration/process,9,2908,7,2,0
ICLR 2024 reject_to_accept,ICLR 2024,ICLR.cc/2024/Conference,2024,JXGph215fL,4098,https://openreview.net/forum?id=JXGph215fL,The Update-Equivalence Framework for Decision-Time Planning,accept,ICLR.cc/2024/Conference,True,title: Paper Decision | decision: Accept (poster),4,4,6 3 5 3,2 3 2 3,4.25,4.0,4.0,6,1,3,reject,True,ICLR.cc/2024/Conference/Submission4098/Area_Chair_svdk,novelty/positioning; evidence/baselines; correctness/theory; scope/significance; presentation/readability,8,2205,5,3,0
ICLR 2024 reject_to_accept,ICLR 2024,ICLR.cc/2024/Conference,2024,vBw8JGBJWj,1841,https://openreview.net/forum?id=vBw8JGBJWj,Encoding Unitig-level Assembly Graphs with Heterophilous Constraints for Metagenomic Contigs Binning,accept,ICLR.cc/2024/Conference,True,title: Paper Decision | decision: Accept (poster),3,3,5 3 5,2 4 3,4.333333333333333,5.0,4.111111111111111,6,0,3,reject,True,ICLR.cc/2024/Conference/Submission1841/Area_Chair_CkgL,novelty/positioning; evidence/baselines; scope/significance; presentation/readability; calibration/process,4,2036,4,0,0
ICLR 2024 reject_to_accept,ICLR 2024,ICLR.cc/2024/Conference,2024,zzqn5G9fjn,1909,https://openreview.net/forum?id=zzqn5G9fjn,Breaking Physical and Linguistic Borders: Multilingual Federated Prompt Tuning for Low-Resource Languages,accept,ICLR.cc/2024/Conference,True,title: Paper Decision | decision: Accept (poster),4,4,5 3 1 8,4 4 5 5,4.25,4.0,4.277777777777778,6,1,3,reject,True,ICLR.cc/2024/Conference/Submission1909/Area_Chair_4yNr,novelty/positioning; scope/significance; calibration/process; ethics/safety,24,6830,20,4,0
ICLR 2024 reject_to_accept,ICLR 2024,ICLR.cc/2024/Conference,2024,fyTPWfXtcc,7401,https://openreview.net/forum?id=fyTPWfXtcc,Global Optimality for Non-linear Constrained Restoration Problems via Invexity,accept,ICLR.cc/2024/Conference,True,title: Paper Decision | decision: Accept (poster),3,3,5 3 6,3 4 3,4.666666666666667,5.0,4.5,6,1,2,reject,True,ICLR.cc/2024/Conference/Submission7401/Area_Chair_eZyA,evidence/baselines; correctness/theory; scope/significance; presentation/readability; calibration/process,11,5310,8,3,0
ICLR 2024 reject_to_accept,ICLR 2024,ICLR.cc/2024/Conference,2024,CEkIyshNbC,287,https://openreview.net/forum?id=CEkIyshNbC,Unraveling the Enigma of Double Descent: An In-depth Analysis through the Lens of Learned Feature Space,accept,ICLR.cc/2024/Conference,True,title: Paper Decision | decision: Accept (poster),4,4,5 3 5 5,2 3 5 3,4.5,5.0,4.538461538461538,6,0,4,reject,True,ICLR.cc/2024/Conference/Submission287/Area_Chair_jYcu,evidence/baselines; correctness/theory; unresolved rebuttal; calibration/process,11,3337,8,3,0
ICLR 2024 reject_to_accept,ICLR 2024,ICLR.cc/2024/Conference,2024,QHROe7Mfcb,3620,https://openreview.net/forum?id=QHROe7Mfcb,Less is More: One-shot Subgraph Reasoning on Large-scale Knowledge Graphs,accept,ICLR.cc/2024/Conference,True,title: Paper Decision | decision: Accept (poster),3,3,3 6 5,4 3 4,4.666666666666667,5.0,4.545454545454546,6,1,2,reject,True,ICLR.cc/2024/Conference/Submission3620/Area_Chair_NZwj,novelty/positioning; scope/significance; presentation/readability; calibration/process,18,5739,17,1,0
ICLR 2024 reject_to_accept,ICLR 2024,ICLR.cc/2024/Conference,2024,SQpnEfv9WH,9161,https://openreview.net/forum?id=SQpnEfv9WH,Social-Transmotion: Promptable Human Trajectory Prediction,accept,ICLR.cc/2024/Conference,True,title: Paper Decision | decision: Accept (poster),4,4,3 5 5 6,5 5 5 4,4.75,5.0,4.684210526315789,6,1,3,reject,True,ICLR.cc/2024/Conference/Submission9161/Area_Chair_eNyB,novelty/positioning; evidence/baselines; scope/significance; calibration/process,5,2798,5,0,0
ICLR 2024 reject_to_accept,ICLR 2024,ICLR.cc/2024/Conference,2024,qV83K9d5WB,4344,https://openreview.net/forum?id=qV83K9d5WB,Large Language Models as Tool Makers,accept,ICLR.cc/2024/Conference,True,title: Paper Decision | decision: Accept (poster),4,4,3 6 5 5,4 3 5 4,4.75,5.0,4.6875,6,1,3,reject,True,ICLR.cc/2024/Conference/Submission4344/Area_Chair_8rRv,novelty/positioning; evidence/baselines; calibration/process,5,1168,4,1,0
ICLR 2024 reject_to_accept,ICLR 2024,ICLR.cc/2024/Conference,2024,I2mIxuXA72,6861,https://openreview.net/forum?id=I2mIxuXA72,Understanding Domain Generalization: A Noise Robustness Perspective,accept,ICLR.cc/2024/Conference,True,title: Paper Decision | decision: Accept (poster),4,4,5 3 6 5,3 3 4 5,4.75,5.0,4.866666666666666,6,1,3,reject,True,ICLR.cc/2024/Conference/Submission6861/Area_Chair_Yo1k,novelty/positioning; evidence/baselines; correctness/theory; calibration/process,15,6566,14,1,0
ICML 2025 accept_to_reject,ICML 2025,ICML.cc/2025/Conference,2025,1J1Kju4rto,5010,https://openreview.net/forum?id=1J1Kju4rto,$Q\sharp$: Provably Optimal Distributional RL for LLM Post-Training,reject,ICML.cc/2025/Conference/Rejected_Submission,True,"title: Paper Decision | decision: Reject | comment: This work proposes a value-based distributional RL algorithm and applies it to LLM fine-tuning. The key innovation is to incorporate KL divergence-based regularization into the likelihood objective, and use this to enforce proximity to a prior distribution, if available. One of the key innovations is introducing distributional RL into the fine-tuning setting, and demonstrating experimentally it outperforms several standard benchmarks, including DPO. During the discussion phase, the reviewers brought out the importance of comparison to methods that incorporate divergence to a prior: [Nachum'19a] AlgaeDICE: Policy Gradient from Arbitrary Experience. [Nachum'19b] DualDICE: Behavior-agnostic Estimation of Discounted Stationary Distribution Co",3,3,4 4 4,  ,4.0,4.0,4.0,3,3,0,accept,False,,No public meta-review exposed,5,2600,4,1,0
ICML 2025 accept_to_reject,ICML 2025,ICML.cc/2025/Conference,2025,nYrj9ZwgYk,15387,https://openreview.net/forum?id=nYrj9ZwgYk,Stochastic Regret Guarantees for Online Zeroth- and First-Order Bilevel Optimization,reject,ICML.cc/2025/Conference/Rejected_Submission,True,"title: Paper Decision | decision: Reject | comment: Paper introduces novel first-order and zero-order algorithms for stochastic Online Bilevel Optimization (OBO) that achieve sublinear bilevel regret without relying on window smoothing. The reviewers agree that the paper makes a significant contribution by proposing a new search direction and introducing algorithms (SOGD and ZO-SOGD) that are theoretically sound and practically applicable to black-box and dynamic environments. Some parts of the theoretical analysis remain dense and were not fully verified by the reviewers. There were some limitations in experimental scope and accessibility of the theory, paper has overall borderline scores. Eventually the paper is headed towards rejection due to space limitations and borderline reviews. We",4,4,4 4 3 4,   ,3.75,4.0,3.75,3,4,0,accept,False,,No public meta-review exposed,4,3064,4,0,0
ICML 2025 accept_to_reject,ICML 2025,ICML.cc/2025/Conference,2025,9Mxi4pMe4G,7896,https://openreview.net/forum?id=9Mxi4pMe4G,On the Geometry of Regularization in Adversarial Training: High-Dimensional Asymptotics and Generalization Bounds,reject,ICML.cc/2025/Conference/Rejected_Submission,True,"title: Paper Decision | decision: Reject | comment: The paper studies regularization in adversarial training (with epsilon balls) for binary classification. Rademacher complexity is used to obtain generalization bounds for various norms. Experiments were also conducted. While the reviewers were supportive of this paper, none of the reviewers strongly argued for acceptance. Thus I consider this a borderline paper, but I finally decided for rejection. Several aspects for improvement were mentioned including for instance relaxing some assumptions (from Gaussian to sub-Gaussian), discussing the practicality of some other assumptions (convergence of spectra), discuss multi-class extensions, among others.",3,3,4 3 4,  ,3.6666666666666665,4.0,3.6666666666666665,3,3,0,accept,False,,No public meta-review exposed,4,1413,3,1,0
ICML 2025 accept_to_reject,ICML 2025,ICML.cc/2025/Conference,2025,GOWRex7nOA,2878,https://openreview.net/forum?id=GOWRex7nOA,The Minimal Search Space for Conditional Causal Bandits,reject,ICML.cc/2025/Conference/Rejected_Submission,True,"title: Paper Decision | decision: Reject | comment: The paper studies conditional causal bandits, a multi-armed bandit (MAB) with a causal structure among the variables, where the actions are conditional interventions over single nodes. It proposes using the causal graph to reduce the action space and then running a standard MAB algorithm. To that end, it presents a graphical characterization of the minimal set of nodes containing the optimal action, thereby reducing the search space for optimal actions. It also presents an algorithm to find this minimal set given the causal graph with a time complexity linear in the number of nodes and edges. The paper’s contribution toward reducing the action space in the setting with conditional interventions over single nodes is novel and valuable. The",3,3,4 4 3,  ,3.6666666666666665,4.0,3.6666666666666665,3,3,0,accept,False,,No public meta-review exposed,6,1964,4,2,0
ICML 2025 accept_to_reject,ICML 2025,ICML.cc/2025/Conference,2025,S5v9UheAhP,11817,https://openreview.net/forum?id=S5v9UheAhP,Regression Trees Know Calculus,reject,ICML.cc/2025/Conference/Rejected_Submission,True,"title: Paper Decision | decision: Reject | comment: The paper presents a way to estimate gradients for functions fitted by trees. While the reviewers and I agree that this is a solid contribution, I believe the paper would be greatly strengthened by including results on even more and larger datasets (as suggested by 98rh); datasets with correlated covariates (see reply to iY41); and from the empirical evaluation suggested by 3jeE. I also believe that aditional empirical investigation into tree depth (see review by IY41) would make for a stronger paper.",4,4,3 4 4 3,   ,3.5,3.5,3.5,3,4,0,accept,False,,No public meta-review exposed,5,2973,4,1,0
ICML 2025 accept_to_reject,ICML 2025,ICML.cc/2025/Conference,2025,5yeBvI1qtf,6548,https://openreview.net/forum?id=5yeBvI1qtf,Pruning Spurious Subgraphs for Graph Out-of-Distribtuion Generalization,reject,ICML.cc/2025/Conference/Rejected_Submission,True,"title: Paper Decision | decision: Reject | comment: This paper focuses on the out-of-distribution generalization issue in graph neural networks. Instead of directly identifying the causal edges, this paper preserves the invariant subgraph by pruning spurious edges. Moreover, this paper employs two regularizations, graph size constraint and $\epsilon$-probability alignment, to prune spurious edges. Experimental results demonstrate the effectiveness of the proposed method. After rebuttal, three reviewers give 'Weak accept' and one reviewer gives 'Accept'. Reviewer V6Vq holds that this method involves additional regularization terms and subgraph selection, and a scalability analysis on large-scale datasets should be provided. Reviewer 8qvf concerns that the proposed method is heuristic as it ",4,4,3 4 4 3,   ,3.5,3.5,3.5,3,4,0,accept,False,,No public meta-review exposed,5,2643,4,1,0
ICML 2025 accept_to_reject,ICML 2025,ICML.cc/2025/Conference,2025,DM2aCc6LzI,4391,https://openreview.net/forum?id=DM2aCc6LzI,Convergence Analysis of Natural Gradient Descent for Over-parameterized Physics-Informed Neural Networks,reject,ICML.cc/2025/Conference/Rejected_Submission,True,"title: Paper Decision | decision: Reject | comment: This paper considers training two-layer PINNs in the NTK regime. The paper extends previous work on gradient descent to natural gradient descent and shows improved convergence bounds. The reviews are generally positive. However, there are several weaknesses identified during the review process: - Limited novelty: The theoretical contribution is perceived as an incremental extension of existing NTK analysis techniques to NGD within the PINN context, rather than a substantial conceptual advance. The analysis is fairly straightforward given the literature. - Weak motivation & practical relevance: The paper's motivation is unclear, as NGD is rarely used in practice for training PINNs. The justification for studying this specific optimizer ove",4,4,4 3 3 4,   ,3.5,3.5,3.5,3,4,0,accept,False,,No public meta-review exposed,6,3387,5,1,0
ICML 2025 accept_to_reject,ICML 2025,ICML.cc/2025/Conference,2025,MZyfS1cf0u,3543,https://openreview.net/forum?id=MZyfS1cf0u,Spectral Informed Neural Networks,reject,ICML.cc/2025/Conference/Rejected_Submission,True,"title: Paper Decision | decision: Reject | comment: The paper uses spectral derivatives in place of derivatives computed through AD in physics informed neural networks (that enforce PDE constraints as soft penalties in the loss) and reformulate the problem in spectral space. The reason is to deal with the high memory/compute cost of higher order derivatives for AD. Experiments demonstrate this advantage clearly. Further, their method retains spectral convergence properties. Strengths identified: * Simple idea from classical methods to deal with current bottlenecks in PINN training. All reviewers acknowledged that this can be very useful in certain settings. Experiments demonstrate this clearly. Weaknesses: * Spectral derivatives are well-known in classical methods - for the PDEs evaluated ",4,4,3 4 4 3,   ,3.5,3.5,3.5,3,4,0,accept,False,,No public meta-review exposed,8,3266,5,3,0
ICML 2025 accept_to_reject,ICML 2025,ICML.cc/2025/Conference,2025,rUXTjhFMG5,9741,https://openreview.net/forum?id=rUXTjhFMG5,Sample-efficient diffusion-based control of complex nonlinear systems,reject,ICML.cc/2025/Conference/Rejected_Submission,True,"title: Paper Decision | decision: Reject | comment: The paper introduces a diffusion-based approach for learning efficient control policies in complex nonlinear systems. The proposed method, SEDC, aims to address key challenges such as high-dimensional state–action spaces, strong nonlinearity in system dynamics, and limited access to optimal training data. SEDC incorporates several components: (1) gradient guidance to steer the diffusion process toward promising trajectories (a technique previously introduced by Janner et al., 2022); (2) a direct inverse model to predict actions from states; (3) a dual UNet-based denoising network, proposed to decouple linear and nonlinear components of the dynamics (though this aspect remains difficult to interpret, despite the authors’ explanation to Rev",4,4,4 3 5 2,   ,3.5,3.5,3.5,3,3,1,accept,False,,No public meta-review exposed,6,1862,5,1,0
ICML 2025 accept_to_reject,ICML 2025,ICML.cc/2025/Conference,2025,90ghmFUwIT,9105,https://openreview.net/forum?id=90ghmFUwIT,Unsupervised Transfer Learning via Adversarial Contrastive Training,reject,ICML.cc/2025/Conference/Rejected_Submission,True,"title: Paper Decision | decision: Reject | comment: This paper introduces adversarial contrastive learning, which incorporates min-max adversarial training into the self-supervised learning procedure. This paper presents a theoretical guarantee, which gives an error bound on the performance of this adversarial contrastive learning procedure. This bound depends on various parameters of the augmentation and of the neural network parameterization. The paper is reviewed by six reviewers and myself (two reviewers were added during an earlier stage of the review process). Since this paper’s contribution appears to be theoretical, several reviewers mention in their reviewers that they did not check the proofs in the appendix—Therefore, those reviews are down weighted. Several reviewers did mentio",6,6,2 4 4 3 4 3,     ,3.3333333333333335,3.5,3.3333333333333335,3,5,1,accept,False,,No public meta-review exposed,11,4703,8,3,0
ICML 2025 accept_to_reject,ICML 2025,ICML.cc/2025/Conference,2025,6Uh73Wl8Je,12657,https://openreview.net/forum?id=6Uh73Wl8Je,Temporal-Difference Variational Continual Learning,reject,ICML.cc/2025/Conference/Rejected_Submission,True,"title: Paper Decision | decision: Reject | comment: The submission reframes the variational continual learning objective to use all historical approximate posteriors and datasets, and draws connections to experience replay during training and temporal-difference learning in RL (arguably, this connection does not bring new insights to either domain). The main baselines in the experiments are VCL and VCL with coresets. Unfortunately, the paper did not include more recent Bayesian continual learning numbers (e.g., Laplace or function-space regularisation), nor non-Bayesian methods, so the significance of the proposed method is not clear. The AC read through all the reviews and discussions, and the paper, and suggests rejection. A minor comment: the numbers for VCL in the permuted MNIST benchm",3,3,3 3 4,  ,3.3333333333333335,3.0,3.3333333333333335,3,3,0,accept,False,,No public meta-review exposed,6,2861,4,2,0
ICML 2025 accept_to_reject,ICML 2025,ICML.cc/2025/Conference,2025,0OdIwdiFb7,10522,https://openreview.net/forum?id=0OdIwdiFb7,Pose Prior Learner: Unsupervised Categorical Prior Learning for Pose Estimation,reject,ICML.cc/2025/Conference/Rejected_Submission,True,"title: Paper Decision | decision: Reject | comment: As Area Chair, while I initially found this paper to be a promising contribution to pose estimation under occlusion, a deeper reading raises several substantive concerns that temper my enthusiasm. The core idea—a hierarchical part-based memory module with dynamic prior generation and iterative refinement—is conceptually appealing and well-motivated. The method achieves strong empirical results, and the ablation studies are thorough. However, critical questions remain about the utility, some novelty, and completeness of the work. Most notably, the learned priors, while effective, appear non-biological (see Figure A5); it is unclear whether incorporating anatomical constraints or skeleton-based priors might yield better or more interpretabl",3,3,4 3 3,  ,3.3333333333333335,3.0,3.3333333333333335,3,3,0,accept,False,,No public meta-review exposed,4,1466,3,1,0
ICML 2025 reject_to_accept,ICML 2025,ICML.cc/2025/Conference,2025,hgM387MPm1,7056,https://openreview.net/forum?id=hgM387MPm1,Secant Line Search for Frank-Wolfe Algorithms,accept,ICML.cc/2025/Conference,True,"title: Paper Decision | decision: Accept (poster) | comment: The main contribution of this paper is to show that the secant method enjoys global convergence guarantees for the line-search step of the Frank-Wolfe method. The method is easy to implement and efficient, as validated through numerical experiments. While some reviewers raised limited theoretical novelty as a concern, I do not consider it as substantially limited; I find it interesting that a simple and overlooked mechanism can, in fact, provide an effective solution for the line search of the Frank-Wolfe algorithm. On the negative side, the analysis relies on a strict convexity assumption which limits its applicability and relevance. I strongly recommend the authors to follow the suggestions raised by the reviewers to further im",4,4,1 1 3 2,   ,1.75,1.5,1.75,3,1,3,reject,False,,No public meta-review exposed,5,1738,4,1,0
ICML 2025 reject_to_accept,ICML 2025,ICML.cc/2025/Conference,2025,ZWZLYVFgDL,3233,https://openreview.net/forum?id=ZWZLYVFgDL,Latent Preference Coding: Aligning Large Language Models via Discrete Latent Codes,accept,ICML.cc/2025/Conference,True,"title: Paper Decision | decision: Accept (poster) | comment: This work addresses the problem of aligning LLM with human preferences. It argues that human preferences are multifaceted, often dictated by conflicting factors and reward functions don't necessarily capture this complexity. It argues that a single reward function don't necessarily represent the multifaceted factors entailed by a prompt and particulaly so when the factors are conflicting. It further argues that pivotal factors that determine human preference vary with tasks and populations. Even when the factors are well-defined, assigning importance to various factors for a given prompt can be challenging. It proposes to model these implicit factors and their combinations in alignent by using discrete latent codes. It infers the",4,4,3 2 1 1,   ,1.75,1.5,1.75,3,1,3,reject,False,,No public meta-review exposed,7,1950,4,3,0
ICML 2025 reject_to_accept,ICML 2025,ICML.cc/2025/Conference,2025,kPTW6hGrJy,7245,https://openreview.net/forum?id=kPTW6hGrJy,Simple and Critical Iterative Denoising: A Recasting of Discrete Diffusion in Graph Generation,accept,ICML.cc/2025/Conference,True,"title: Paper Decision | decision: Accept (poster) | comment: I'd first like to thank the reviewers: unlike most papers with high variance in the scores, there was a substantial amount of discussion here and good signal all around. The cross discussion was particularly helpful. However, I ended up needing to read through the paper carefully myself to resolve some very divergent judgements on the paper's camera-readiness. After some work on my end, I'm inclined to weakly accept the paper if there's room. The positives are the paper is very well-written. The method is sound and I see high impact here in general modeling of discrete data (even if the work here focuses on graphs, these lessons can be applied elsewhere). However, I'm also inclined to agree with VwCn that the paper doesn't exactl",3,3,1 4 1,  ,2.0,1.0,2.0,3,1,2,reject,False,,No public meta-review exposed,7,3846,5,2,0
ICML 2025 reject_to_accept,ICML 2025,ICML.cc/2025/Conference,2025,9stlHtljkj,8202,https://openreview.net/forum?id=9stlHtljkj,SEAD: Unsupervised Ensemble of Streaming Anomaly Detectors,accept,ICML.cc/2025/Conference,True,"title: Paper Decision | decision: Accept (poster) | comment: The paper introduces SEAD, an unsupervised model selection procedure for streaming anomaly detection. This is the first work of this kind, and provides both theoretical guarantees and robustness to uninformative AD models compared to baselines. However, the empirical evaluation is not entirely convincing in the showing advantages over the average baseline. Considering critical difference diagrams for adjusted hypothesis testing might be beneficial to provide a clearer quantitative comparison.",4,4,2 1 2 3,   ,2.0,2.0,2.0,3,1,3,reject,False,,No public meta-review exposed,6,2334,5,1,0
ICML 2025 reject_to_accept,ICML 2025,ICML.cc/2025/Conference,2025,ZH7YgIZ3DF,4558,https://openreview.net/forum?id=ZH7YgIZ3DF,Can Classic GNNs Be Strong Baselines for Graph-level Tasks? Simple Architectures Meet Excellence,accept,ICML.cc/2025/Conference,True,"title: Paper Decision | decision: Accept (poster) | comment: The paper argues that by enhancing them with edge feature integration, normalization, dropout, residual connections, feed-forward networks (FFN), and positional encoding, classic (message passing-based) GNNs match or surpass the performances of graph transformers, contrary to the common belief. This hypothesis is tested (and largely confirmed) in 14 datasets and against 21 graph transformer architectures, in what appears to be a fair comparison. The paper was welcomed with mixed reviews. Most of the concerns can be summarized as follows: - the paper does not provide theoretical insights - it does not offer design insights - the finding is over-generalized Personally, all these concerns appear inconsistent, especially after the re",4,4,1 3 2 2,   ,2.0,2.0,2.0,3,1,3,reject,False,,No public meta-review exposed,10,4620,7,3,0
ICML 2025 reject_to_accept,ICML 2025,ICML.cc/2025/Conference,2025,ZWTb5UBdpG,627,https://openreview.net/forum?id=ZWTb5UBdpG,Approximation to Smooth Functions by Low-Rank Swish Networks,accept,ICML.cc/2025/Conference,True,"title: Paper Decision | decision: Accept (poster) | comment: This paper examines whether networks using low-rank matrices and Swish activations can effectively approximate Holder-continuous and smooth functions, assuming a certain scaling of the width of the hidden layers. The question is interesting and relevant to neural network theory (in particular, approximation theory). Some reviewers doubted relevance of approximation-theoretic analysis in the context of low-rank learning, while others found that the proof appears to follow fairly standard steps. Perhaps an interesting point in such a context is whether low-rank compression manages to mitigate the curse of dimensionality, to which paper shows that in some classes this is indeed possible (Sec. 4).",4,4,3 2 2 1,   ,2.0,2.0,2.0,3,1,3,reject,False,,No public meta-review exposed,4,1685,4,0,0
ICML 2025 reject_to_accept,ICML 2025,ICML.cc/2025/Conference,2025,MM6ZWF7gl9,14197,https://openreview.net/forum?id=MM6ZWF7gl9,Understanding the Statistical Accuracy-Communication Trade-off in Personalized Federated Learning with Minimax Guarantees,accept,ICML.cc/2025/Conference,True,"title: Paper Decision | decision: Accept (poster) | comment: This paper makes a very important theoretical contribution to personalized federated learning (PFL), by analyzing the statistical accuracy and its relation to the personalization coefficient and communication efficiency. Because PFL is essentially about generalization performance, standard approaches that analyze the algorithmic convergence using optimization theory are insufficient to show the gains in PFL. This paper takes the first step to analyze the statistical accuracy, i.e., the gap between the empirical optimal model and the statistical optimal model (the latter assumes knowledge of the full data distribution), for an actual implementable algorithm. The results can enrich the fundamental understanding of PFL. I feel that ",5,5,3 2 2 3 1,    ,2.2,2.0,2.2,3,2,3,reject,False,,No public meta-review exposed,9,4187,7,2,0
ICML 2025 reject_to_accept,ICML 2025,ICML.cc/2025/Conference,2025,yeICCRy3lE,11687,https://openreview.net/forum?id=yeICCRy3lE,AdaPTS: Adapting Univariate Foundation Models to Probabilistic Multivariate Time Series Forecasting,accept,ICML.cc/2025/Conference,True,"title: Paper Decision | decision: Accept (poster) | comment: This paper has been assessed by five knowledgeable reviewers. Two of them supported its acceptance (score of 4), the other three opted for straight rejection (score of 1). The authors provided a rebuttal and engaged the reviewers who offered positive scores in a discussion which led to increases of the initial scores. Effectively, the key concerns of those reviewers have been addressed by the authors. However, the reviewers who recommended a rejection did not respond to the rebuttal, even though they have acknowledged seeing it. I read the paper and carefully analyzed the reviews and the discussion between the authors and those two reviewers who were engaged. I found the paper to be valuable and confirmed that the main concerns v",5,5,4 1 4 1 1,    ,2.2,1.0,2.2,3,2,3,reject,False,,No public meta-review exposed,7,2922,5,2,0
ICML 2025 reject_to_accept,ICML 2025,ICML.cc/2025/Conference,2025,XIyrotmBSJ,11052,https://openreview.net/forum?id=XIyrotmBSJ,KEA: Keeping Exploration Alive by Proactively Coordinating Exploration Strategies,accept,ICML.cc/2025/Conference,True,"title: Paper Decision | decision: Accept (poster) | comment: This paper presents KEA (Keeping Exploration Alive), a method that addresses exploration inefficiencies when combining Soft Actor-Critic (SAC) with novelty-based exploration methods. The authors identify that interactions between SAC's stochastic policy and novelty-based exploration can lead to delayed shifts between exploration strategies and redundant sample collection. KEA introduces a co-behavior agent alongside SAC and a switching mechanism to coordinate exploration strategies based on state novelty. After carefully reviewing the submission, the reviews, and the subsequent discussions, I recommend a **weak acceptance** for this paper. The submission identifies an issue in reinforcement learning exploration, specifically how ",5,5,3 3 2 1 2,    ,2.2,2.0,2.2,3,2,3,reject,False,,No public meta-review exposed,9,3916,7,2,0
ICML 2025 reject_to_accept,ICML 2025,ICML.cc/2025/Conference,2025,PGNff6H1TV,12971,https://openreview.net/forum?id=PGNff6H1TV,EncryptedLLM: Privacy-Preserving Large Language Model Inference via GPU-Accelerated Fully Homomorphic Encryption,accept,ICML.cc/2025/Conference,True,"title: Paper Decision | decision: Accept (poster) | comment: This paper proposes a method to performing FHE with GPUs that achieves significant speedup compared to existing CPU solutions. This required both significant engineering and systems design, and some novel applications of cryptographic techniques to achieve the superior performance. However, some reviewers were concerned with the lack of thorough experiments which was partially addressed in the rebuttal. Further, though this is a substantial improvement, it is likely still not the case that FHE can be deployed (even with GPU) for large frontier models.",4,4,2 1 4 2,   ,2.25,2.0,2.25,3,1,3,reject,False,,No public meta-review exposed,4,747,4,0,0
ICML 2025 reject_to_accept,ICML 2025,ICML.cc/2025/Conference,2025,QfD9P9IIoz,12809,https://openreview.net/forum?id=QfD9P9IIoz,Hidden No More: Attacking and Defending Private Third-Party LLM Inference,accept,ICML.cc/2025/Conference,True,"title: Paper Decision | decision: Accept (poster) | comment: This work proposes an attack against permutation- and noise-based private inference methods when the weights are public. The attack is innovative and can decode model inputs with high accuracy. Based on this, this work then proposes a heuristic defense that shows success empirically in defending against various forms of leakage. Overall, reviewers had consensus that this work had lacking clarity and that this work should be revised to improve the presentation of the work and its technical details and that the lacking security guarantees for the defence significantly detract from the efficacy of the approach. Some significant improvements were made during the rebuttal including extensions of the attack to closed-weight settings an",4,4,2 2 3 2,   ,2.25,2.0,2.25,3,1,3,reject,False,,No public meta-review exposed,4,3122,4,0,0
ICML 2025 reject_to_accept,ICML 2025,ICML.cc/2025/Conference,2025,2GmDdhBdDk,9959,https://openreview.net/forum?id=2GmDdhBdDk,The Berkeley Function Calling Leaderboard (BFCL): From Tool Use to Agentic Evaluation of Large Language Models,accept,ICML.cc/2025/Conference,True,"title: Paper Decision | decision: Accept (poster) | comment: This paper is about Berkeley Function Calling Leaderboard, a well known and popular benchmark for evaluating the function-calling capabilities of Large Language Models. Given this is a blind review, it was confusing to few reviewers on how this work compares to well known BFCL leaderboard. All other concerns/questions from reviewers are addressed to a good extent in the authors rebuttal. Therefore, I recommend accepting this work.",4,4,2 2 2 3,   ,2.25,2.0,2.25,3,1,3,reject,False,,No public meta-review exposed,6,2768,5,1,0
NeurIPS 2025 accept_to_reject,NeurIPS 2025,NeurIPS.cc/2025/Conference,2025,BJBje1IHI9,10890,https://openreview.net/forum?id=BJBje1IHI9,Aya Vision: Advancing the Frontier of Multilingual Multimodality,reject,NeurIPS.cc/2025/Conference/Rejected_Submission,True,"title: Paper Decision | decision: Reject | comment: This paper introduces Aya Vision, a family of multilingual multimodal models (8B and 32B) designed to address data scarcity and catastrophic forgetting. The contributions include 1) a synthetic annotation pipeline combining translation and rephrasing to improve multilingual data quality, 2) a training-free cross-modal model merging technique that preserves text performance while adding multimodal capabilities, and 3) the release of AyaVisionBench for multilingual multimodal evaluation. Strengths: - Novel and effective cross-modal merging strategy that avoids catastrophic forgetting. - Demonstrated strong performance across 23 languages, outperforming larger baselines. - Comprehensive ablations and detailed data quality analysis. - Commitm",4,4,6 5 5 5,3 3 4 4,5.25,5.0,5.214285714285714,4,4,0,accept,False,,No public meta-review exposed,7,3396,5,2,0
NeurIPS 2025 accept_to_reject,NeurIPS 2025,NeurIPS.cc/2025/Conference,2025,jCbbI78q4k,27196,https://openreview.net/forum?id=jCbbI78q4k,Zero-Shot Adaptation of Behavioral Foundation Models to Unseen Dynamics,reject,NeurIPS.cc/2025/Conference/Rejected_Submission,True,"title: Paper Decision | decision: Reject | comment: This paper builds on the premise Behavioral Foundation Models (BFMs) to enable generalization to new, unseen transition dynamics. The authors show that standard FB-based methods fail to generalize to new dynamics because experiences from different environments are conflated, causing interference. To rectify this, the authors propose 2 methods - BFB and RFB, which do belief estiamtion with a transformer based architecture to condition the prediction. The authors then evaluate this empirically on gridworld and simulated navigation problems, showing generalizations to new dynamics. All reviewers were strongly supportive of the paper and it has both empirical and theoretical merit. It is a valuable addition to the literature in this space! ==",3,3,5 5 5,3 1 4,5.0,5.0,5.0,4,3,0,accept,False,,No public meta-review exposed,8,2572,5,3,0
NeurIPS 2025 accept_to_reject,NeurIPS 2025,NeurIPS.cc/2025/Conference,2025,U2egSkNzP4,1827,https://openreview.net/forum?id=U2egSkNzP4,$\psi$DAG: Projected Stochastic Approximation Iteration for Linear DAG Structure Learning,reject,NeurIPS.cc/2025/Conference/Rejected_Submission,True,"title: Paper Decision | decision: Reject | comment: While all reviewers were on the positive side about this paper, after going over the paper myself I conclude that it is below bar for NeurIPS. While the empirical study is very impressive and comprehensive, the algorithmic approach itself and the technical derivations, and in particular the main convergence results that follow in a straightforward manner from known results, put this work below bar for NeurIPS in my opinion.",4,4,5 5 5 4,4 4 3 3,4.75,5.0,4.785714285714286,4,4,0,accept,False,,No public meta-review exposed,17,5823,12,5,0
NeurIPS 2025 accept_to_reject,NeurIPS 2025,NeurIPS.cc/2025/Conference,2025,QP0mGwfv0G,2351,https://openreview.net/forum?id=QP0mGwfv0G,A Robust Training Method for Federated Learning with Partial Participation,reject,NeurIPS.cc/2025/Conference/Rejected_Submission,True,"title: Paper Decision | decision: Reject | comment: The reviewers initially mentioned a number of weaknesses and questions, ranging from the paper being difficult to follow, insufficient experiments, and lack of clarity regarding various parts of the proposed method (different reviewers had questions about different parts). At the same time, there was a rather unanimous agreement that the paper proposes a comprehensive framework, very well-grounded in theory, that unifies a number of existing methods and practical use cases. With respect to the initial submission, I tend to agree especially with the criticism concerning limited evaluation - only one model and dataset was included in the main paper (plus one more pair in the Appendix, but this one is not compared to any extra baseline other",4,4,4 5 5 5,2 3 3 1,4.75,5.0,4.777777777777778,4,4,0,accept,False,,No public meta-review exposed,16,7076,10,6,0
NeurIPS 2025 accept_to_reject,NeurIPS 2025,NeurIPS.cc/2025/Conference,2025,iJ4i5HE5ER,12015,https://openreview.net/forum?id=iJ4i5HE5ER,SophiaVL-R1: Reinforcing MLLMs Reasoning with Thinking Reward,reject,NeurIPS.cc/2025/Conference/Rejected_Submission,True,"title: Paper Decision | decision: Reject | comment: This paper presents SophiaVL-R1, a multimodal large language model that enhances reasoning capabilities through Trust-GRPO, which combines rule-based outcome rewards with holistic thinking rewards. The method aims to address the ""wrong reasoning, correct answer"" phenomenon in R1-style training. There are several fundamental concerns merit closer examination: 1. Limited practical improvements over baseline. The paper claims that SophiaVL-R1-7B outperforms LLaVA-OneVision-72B, but the most important comparison in this paper should be between Trust-GRPO and standard GRPO using the same base model. When properly compared using Qwen2.5-VL-7B-Instruct, Trust-GRPO shows only modest improvements of 1-2 absolute points over GRPO on 4 out of 7 benc",4,4,5 5 5 4,4 3 5 4,4.75,5.0,4.75,4,4,0,accept,False,,No public meta-review exposed,10,4740,7,3,0
NeurIPS 2025 accept_to_reject,NeurIPS 2025,NeurIPS.cc/2025/Conference,2025,xfdnEKp7tt,17521,https://openreview.net/forum?id=xfdnEKp7tt,Prior-based Noisy Text Data Filtering: Fast and Strong Alternative For Perplexity,reject,NeurIPS.cc/2025/Conference/Rejected_Submission,True,"title: Paper Decision | decision: Reject | comment: The paper proposes a prior-based data filtering method that estimates token priors from corpus-level term frequencies and filters documents using the mean and standard deviation of those priors, avoiding any model inference. It reports the highest average downstream performance across 21 benchmarks while reducing filtering time by >1000×, with demonstrated applicability to code, math, and dynamic multilingual corpora. Strengths include extreme efficiency and scalability, simplicity of deployment as a drop-in alternative to PPL, and clear empirical utility for large-scale pretraining pipelines. Potential weaknesses include unclear performance on harder benchmarks and problematic claims. In the rebuttal phase, both reviewers and authors act",4,4,5 6 5 3,4 4 3 4,4.75,5.0,4.733333333333333,4,3,1,accept,False,,No public meta-review exposed,14,7623,9,4,1
NeurIPS 2025 accept_to_reject,NeurIPS 2025,NeurIPS.cc/2025/Conference,2025,EqlmpJYapx,9532,https://openreview.net/forum?id=EqlmpJYapx,PipelineRL: Faster On-policy Reinforcement Learning for Long Sequence Generation,reject,NeurIPS.cc/2025/Conference/Rejected_Submission,True,"title: Paper Decision | decision: Reject | comment: This paper proposes PipelineRL, a framework that leverages in-flight weight updates to balance GPU utilization and on-policy data freshness during RL with LLMs. Reviewers appreciated the clarity, open-sourcing of code, and the practical significance of improving throughput. While the reviewers are generally positive, the consensus strengths are somewhat overshadowed by insufficient baseline comparisons (reviewer `ehFX`), and open concerns about stability (reviewer `rF4g`). These weaknesses are not merely incremental gaps but raise questions about how broadly applicable and reliable the proposed approach will be in practice. I believe this paper can be further strengthened by broader empirical validation across models and tasks. Based on t",4,4,5 4 5 5,3 3 2 3,4.75,5.0,4.7272727272727275,4,4,0,accept,False,,No public meta-review exposed,9,2889,5,4,0
NeurIPS 2025 accept_to_reject,NeurIPS 2025,NeurIPS.cc/2025/Conference,2025,QpYYBFQQTu,10315,https://openreview.net/forum?id=QpYYBFQQTu,NBSP: A Neuron-Level Framework for Balancing Stability and Plasticity in Deep Reinforcement Learning,reject,NeurIPS.cc/2025/Conference/Rejected_Submission,True,"title: Paper Decision | decision: Reject | comment: This paper identifies task-specific skill neurons in a neural network which, if frozen after a task change in a multi-task sequential learning protocol, preserve performance on the old task without significantly slowing down training on a new task. While similar observations regarding the localization of learning to specific neurons have been made in prior works, this paper is the first to show that a relatively straightforward neuron freezing protocol can effectively preserve knowledge in the multi-task reinforcement learning domain. The fact that learning can be localized in this way in RL, and that the number of neurons needed to preserve prior task performance is often quite low, is a surprising and valuable contribution to the litera",4,4,5 5 4 5,4 4 5 5,4.75,5.0,4.722222222222222,4,4,0,accept,False,,No public meta-review exposed,18,7369,12,6,0
NeurIPS 2025 accept_to_reject,NeurIPS 2025,NeurIPS.cc/2025/Conference,2025,2rgYVFiWPL,22589,https://openreview.net/forum?id=2rgYVFiWPL,Sample complexity of Schrödinger potential estimation,reject,NeurIPS.cc/2025/Conference/Rejected_Submission,True,"title: Paper Decision | decision: Reject | comment: This paper studies the problem of Schrödinger potential estimation, which plays a central role in generative modeling methods based on Schrödinger bridges and stochastic optimal control. All reviewers agree that this is a strong paper and recommend acceptance. The reviewers all found that the merits of the work are clear. It establishes rigorous fast-rate convergence guarantees for Schrödinger potential estimation under sub-Gaussian assumptions, improving on earlier Sinkhorn-based results and demonstrating the feasibility of learning Schrödinger potentials in realistic Gaussian-noise settings. Reviewers highlighted the clarity of the exposition, the precise formulation of assumptions and results, and the careful positioning of the work wi",5,5,4 5 4 5 5,3 2 1 3 4,4.6,5.0,4.6923076923076925,4,5,0,accept,False,,No public meta-review exposed,15,7585,8,7,0
NeurIPS 2025 accept_to_reject,NeurIPS 2025,NeurIPS.cc/2025/Conference,2025,FNuul0hlin,20374,https://openreview.net/forum?id=FNuul0hlin,DRAGON: Guard LLM Unlearning in Context via Negative Detection and Reasoning,reject,NeurIPS.cc/2025/Conference/Rejected_Submission,True,"title: Paper Decision | decision: Reject | comment: **Summary** This paper proposes DRAGON, a lightweight, black-box LLM unlearning framework designed to address critical limitations of existing training-based unlearning methods (e.g., reliance on retain data, model modification). DRAGON leverages two core components: (1) a lightweight detection module that identifies forget-worthy prompts (without needing retain data) by combining a learned scoring model and similarity-based verification against an Unlearn Store of representative prompts; (2) a chain-of-thought (CoT) guard model that injects context-aware safety instructions at inference time to enforce unlearning, without modifying the base LLM’s weights. The paper also introduces novel evaluation metrics—Refusal Quality (RQ), Dynamic De",4,4,5 5 4 5,3 4 4 2,4.75,5.0,4.6923076923076925,4,4,0,accept,False,,No public meta-review exposed,14,5950,10,4,0
NeurIPS 2025 accept_to_reject,NeurIPS 2025,NeurIPS.cc/2025/Conference,2025,AlcMfjenRb,3096,https://openreview.net/forum?id=AlcMfjenRb,Gradient-Free Approaches is a Key to an Efficient Interaction with Markovian Stochasticity,reject,NeurIPS.cc/2025/Conference/Rejected_Submission,True,"title: Paper Decision | decision: Reject | comment: # Summary This paper studies the finite-sample complexity of zeroth-order (gradient-free) stochastic optimization under Markovian noise. The authors consider both smooth and non-smooth objective functions and propose two algorithms that combine multi-level estimators of the gradient of a smoothed version of the objective with acceleration techniques. These methods yield improved query complexity bounds compared to naïve implementations. In particular, the bounds are comparable to those achieved by first-order methods under similar settings, up to additional multiplicative terms of order $\tau + d$ or $d(\tau + d)$, depending on the specific algorithm, where $\tau$ denotes the mixing time of the Markov chain and $d$ the problem dimension. ",5,5,5 5 5 4 4,4 4 3 4 2,4.6,5.0,4.647058823529412,4,5,0,accept,False,,No public meta-review exposed,15,6178,10,5,0
NeurIPS 2025 accept_to_reject,NeurIPS 2025,NeurIPS.cc/2025/Conference,2025,c7qZNpguY0,13671,https://openreview.net/forum?id=c7qZNpguY0,Kernel Trace Distance: Quantum Statistical Metric between Measures through RKHS Density Operators,reject,NeurIPS.cc/2025/Conference/Rejected_Submission,True,"title: Paper Decision | decision: Reject | comment: This paper defines a new distance, denoted as $d_{KT}$, between probability distributions via the Schatten 1-norm of their kernel covariance operators, with improved discriminating power and robustness to hyperparameters. The distance is validated on small-scale approximate Bayesian computation and particle flow simulations, with limited comparisons to MMD and Wasserstein distances. The reviewers acknowledge the novel definition as conceptually creative and well ground in theory. The reviewers recognize the rigor and clarity of the theoretical contributions, noting that the authors have proved the fundamental properties of $d_{KT}$ including its discriminative power, robustness, and convergence. Although the reviewers assigned high scores",5,5,5 5 3 5 5,3 4 3 3 4,4.6,5.0,4.647058823529412,4,4,1,accept,False,,No public meta-review exposed,18,6145,12,6,0
NeurIPS 2025 reject_to_accept,NeurIPS 2025,NeurIPS.cc/2025/Conference,2025,VyjFOO9cFi,10891,https://openreview.net/forum?id=VyjFOO9cFi,"Convergence of Clipped SGD on Convex $(L_0,L_1)$-Smooth Functions",accept,NeurIPS.cc/2025/Conference,True,"title: Paper Decision | decision: Accept (poster) | comment: # Reiew by AC This paper addresses the stochastic minimization problem under convexity, $(L_0, L_1)$-smoothness, and a light-tailed noise assumption. The authors derive new convergence results for Clip-SGD (and its AdaGrad-type variant) applied to this setting. Their rates achieve logarithmic dependence on the failure probability and avoid exponentially large factors in $L_1 R_0$, where $R_0$ bounds $||x_0 - x_\ast||$. To the best of my knowledge, these are the first convergence guarantees - among both in-expectation and high-probability results - without exponential dependence on $L_1 R_0$, while also attaining the correct (non-accelerated) dependence on the number of iterations $T$ in the convex $(L_0, L_1)$-smooth case without",4,4,2 3 2 5,4 4 4 2,3.0,2.5,2.7142857142857144,4,1,3,reject,False,,No public meta-review exposed,11,3851,5,5,1
NeurIPS 2025 reject_to_accept,NeurIPS 2025,NeurIPS.cc/2025/Conference,2025,w0xm9oG8im,12253,https://openreview.net/forum?id=w0xm9oG8im,STRIDER: Navigation via Instruction-Aligned Structural Decision Space Optimization,accept,NeurIPS.cc/2025/Conference,True,"title: Paper Decision | decision: Accept (poster) | comment: This paper presents a method to perform instruction-guided navigation in real world environments (e.g. VLN-CE). Towards this goal, the authors propose a framework that makes heavy use of VLMs and LLMs to reason about where the agent should navigate to next and propose a structured-waypoint generator to create navigable options. After the rebuttal, the remaining concerns of the reviewers fall into two categories: 1. The heavy use of VLMs/LLMs makes the method slow and possibly not applicable to real-time applications. 2. The method is sensitive to the choice of VLM/LLM. 3. The method relies heavily on the strength of modern VLMs/LLMs. The AC disagrees with the reviewers. 1. While the method is not applicable to real-time applicati",4,4,3 3 3 3,3 3 4 4,3.0,3.0,3.0,4,0,4,reject,False,,No public meta-review exposed,10,4271,7,3,0
NeurIPS 2025 reject_to_accept,NeurIPS 2025,NeurIPS.cc/2025/Conference,2025,7LulWI9QJy,22664,https://openreview.net/forum?id=7LulWI9QJy,GauSAM: Contour‑Guided 2D Gaussian Fields for Multi‑Scale Medical Image Segmentation with Segment Anything,accept,NeurIPS.cc/2025/Conference,True,"title: Paper Decision | decision: Accept (poster) | comment: The proposed work extends the Segment Anything Model (SAM) by explicitly modeling the segmentation probability field as a combination of two-dimensional Gaussians, enabling the trained network to process images of arbitrary resolution. During the initial review process, reviewers acknowledged the novelty of the approach (9QbL, 8M61), its superior performance and generalization ability, as well as its efficiency. At the same time, several weaknesses were raised, including the need for clearer distinctions and advantages relative to existing methods (e.g., I-MedSAM), the limited empirical validation (restricted to two datasets), lack of clarity regarding the motivation, missing analyses in the empirical evaluation (e.g., training a",4,4,5 3 3 2,4 5 4 5,3.25,3.0,3.1666666666666665,4,1,3,reject,False,,No public meta-review exposed,17,10903,12,5,0
NeurIPS 2025 reject_to_accept,NeurIPS 2025,NeurIPS.cc/2025/Conference,2025,gkG8JOOUF4,9646,https://openreview.net/forum?id=gkG8JOOUF4,Adaptive Preference Arithmetic: A Personalized Agent with Adaptive Preference Arithmetic for Dynamic Preference Modeling,accept,NeurIPS.cc/2025/Conference,True,"title: Paper Decision | decision: Accept (poster) | comment: This paper introduces a training-free framework for LLM agent personalization that models dynamic preference strengths. The key idea is to estimate how user preference weights shift over time based on past interactions—without requiring additional feedback—and then guide controllable generation by linearly combining next-token distributions conditioned on these dynamic preferences. Reviewers highlighted the paper’s methodological originality and practical significance. Unlike fine-tuning-based approaches, the authors propose a lightweight, flexible solution that can be easily applied across tasks and architectures. This training-free property lowers barriers to deployment in real-world settings where user data and compute are lim",5,5,3 4 3 2 4,4 4 4 3 4,3.2,3.0,3.263157894736842,4,2,3,reject,False,,No public meta-review exposed,15,7442,10,5,0
NeurIPS 2025 reject_to_accept,NeurIPS 2025,NeurIPS.cc/2025/Conference,2025,cNqMAmpZh4,29012,https://openreview.net/forum?id=cNqMAmpZh4,From Euler to AI: Unifying Formulas for Mathematical Constants,accept,NeurIPS.cc/2025/Conference,True,"title: Paper Decision | decision: Accept (poster) | comment: The paper solves a very interesting and important question: ""How are discovered mathematical formulas connected?"". The paper relies on LLMs and various mathematical techniques to extract various representations of approximations for, e.g., for $\pi$ and $e$, and convert them into standard forms, after which unification of formulas can be performed. Several relations between different representations are found. For example, for $\pi$, 381 of 407 formulas are proved linked and several well-known representations (e.g., from Euler, Gauss, and Brouncker) are shown to be equivalent. The paper is well motivated, and the studied problem is very novel/original. Most reviewers (and also I myself, after reading the paper and the discussions",4,4,3 2 5 3,4 4 4 3,3.25,3.0,3.2666666666666666,4,1,3,reject,False,,No public meta-review exposed,14,9492,10,4,0
NeurIPS 2025 reject_to_accept,NeurIPS 2025,NeurIPS.cc/2025/Conference,2025,yFjgV3cJje,3235,https://openreview.net/forum?id=yFjgV3cJje,4D-VLA: Spatiotemporal Vision-Language-Action Pretraining with Cross-Scene Calibration,accept,NeurIPS.cc/2025/Conference,True,"title: Paper Decision | decision: Accept (poster) | comment: This paper proposes 4D-VLA, a vision–language–action pretraining framework that addresses two key sources of input inconsistency in embodied learning: coordinate system misalignment and temporal ambiguity. The method augments RGB with depth (or estimated geometry) and introduces a memory-bank sampling (MBS) strategy tailored to streaming VLA tasks. The authors also propose MV-Bench, a multi-view evaluation suite. Experiments on LIBERO, MV-Bench, and real robots show consistent improvements over baselines. Strengths The paper tackles a fundamental and under-explored challenge in VLA pretraining: the lack of consistent robot-centric coordinate frames in existing datasets. The integration of depth/geometry for coordinate alignment a",4,4,3 3 3 4,3 3 4 5,3.25,3.0,3.3333333333333335,4,1,3,reject,False,,No public meta-review exposed,18,7483,16,2,0
NeurIPS 2025 reject_to_accept,NeurIPS 2025,NeurIPS.cc/2025/Conference,2025,UCV21BsuqA,10766,https://openreview.net/forum?id=UCV21BsuqA,Classical Planning with LLM-Generated Heuristics: Challenging the State of the Art with Python Code,accept,NeurIPS.cc/2025/Conference,True,"title: Paper Decision | decision: Accept (poster) | comment: # Meta Review Please provide detailed and convincing justifications for your recommendation, including but not limited to (a) Summarize the scientific claims and findings of the paper based on your own reading and characterizations from the reviewers. (b) What are the strengths of the paper? (c) What are the weaknesses of the paper? What might be missing in the submission? (d) Provide the most important reasons for your decision to accept/reject. For spotlights or orals explain why the paper stands out (other than by high scores or popularity trends). (e) Summarize the discussion and changes during the rebuttal period. What were the points raised by the reviewers? How were each of these points addressed by the authors? How did yo",5,5,3 3 2 5 4,3 4 4 5 3,3.4,3.0,3.473684210526316,4,2,3,reject,False,,No public meta-review exposed,13,7699,10,3,0
NeurIPS 2025 reject_to_accept,NeurIPS 2025,NeurIPS.cc/2025/Conference,2025,oQYq9L1NVT,12147,https://openreview.net/forum?id=oQYq9L1NVT,Deep Video Discovery: Agentic Search with Tool Use for Long-form Video Understanding,accept,NeurIPS.cc/2025/Conference,True,"title: Paper Decision | decision: Accept (poster) | comment: # Summary This paper proposes Deep Video Discovery (DVD), an agentic framework designed for long-form video understanding. # Reasons to accept the paper * Strong performance on various benchmarks * Comprehensive ablations # Reason to reject the paper * Limited novelty in video retrieval & search. * Higher computational costs / inefficient model inference. # Discussion During rebuttal, the author(s) provide an answer about the novelty: being a more adaptive framework compared with existing ones. The author(s) also provide additional comparisons on efficiency and additional based models. AC founds the response are reasonable and believes the current merits (strong empirical results) can outweigh the concerns, thus AC recommends to ",3,3,5 3 3,3 5 3,3.6666666666666665,3.0,3.5454545454545454,4,1,2,reject,False,,No public meta-review exposed,16,3825,10,3,3
NeurIPS 2025 reject_to_accept,NeurIPS 2025,NeurIPS.cc/2025/Conference,2025,fiXCcxGysZ,17484,https://openreview.net/forum?id=fiXCcxGysZ,Token Embeddings Violate the Manifold Hypothesis,accept,NeurIPS.cc/2025/Conference,True,"title: Paper Decision | decision: Accept (poster) | comment: This paper considers a simple question: Do token embeddings satisfy the manifold hypothesis? The manifold hypothesis is a popular explanation for the success of deep learning, particularly in vision applications. But whether or not language models exploit a similar structure is (surprisingly) unknown. The authors adopt a rigorous approach to study this problem and show that in fact, token embeddings *do not* satisfy a smooth version of the manifold hypothesis. This accomplished by formulating the problem as a hypothesis test, and developing the necessary theory to develop a method for testing this hypothesis. Reviews were split and there was extensive discussion on this submission (almost twice as many comments as average). Revie",5,5,5 3 3 4 3,4 3 3 2 4,3.6,3.0,3.625,4,2,3,reject,False,,No public meta-review exposed,26,14619,17,9,0
NeurIPS 2025 reject_to_accept,NeurIPS 2025,NeurIPS.cc/2025/Conference,2025,LHsQSC89Pt,20406,https://openreview.net/forum?id=LHsQSC89Pt,STAR-Bets: Sequential TArget-Recalculating Bets for Tighter Confidence Intervals,accept,NeurIPS.cc/2025/Conference,True,"title: Paper Decision | decision: Accept (poster) | comment: The paper considers the problem of constructing confidence intervals for the mean of a bounded random variable, given access to a fixed number of samples, and proposes new methods for constructing confidence intervals using betting algorithms. Previous betting-based confidence intervals are either designed for anytime-validity, and as a result are sub-optimal for a fixed sample size, or lack non-asymptotic bounds on their width. The main idea behind the proposed star-betting method, is to design betting algorithms that always finish with either 0 wealth or just enough wealth to reject a candidate value for the mean, as opposed to betting algorithms that simply try to achieve maximal wealth. The reviews were mixed but relying on m",5,5,5 6 3 2 3,3 3 4 3 4,3.8,3.0,3.7058823529411766,4,2,3,reject,False,,No public meta-review exposed,18,4264,13,5,0
NeurIPS 2025 reject_to_accept,NeurIPS 2025,NeurIPS.cc/2025/Conference,2025,ypVW5jvguX,2214,https://openreview.net/forum?id=ypVW5jvguX,Hierarchical Semantic-Augmented Navigation: Optimal Transport and Graph-Driven Reasoning for Vision-Language Navigation,accept,NeurIPS.cc/2025/Conference,True,"title: Paper Decision | decision: Accept (poster) | comment: The submission presents a novel multi-stage framework with thorough simulation experiments and ablation studies, demonstrating clear methodological innovation and reasonable performance on one benchmark dataset. Two reviewers highlight the paper’s theoretical grounding, experimental rigor, and SOTA results, providing highly positive and detailed assessments. While other three reviewers raised concerns regarding clarity, notation, and real-world deployment, one was unresponsive in the rebuttal, and the remaining issues are addressable in revision. On balance, the paper makes a significant contribution to the field, and the AC recommends acceptance, giving higher weight to the evaluations of the senior, engaged reviewers. This deci",5,5,5 5 2 3 3,4 4 4 1 4,3.6,3.0,3.7058823529411766,4,2,3,reject,False,,No public meta-review exposed,8,5928,5,3,0
NeurIPS 2025 reject_to_accept,NeurIPS 2025,NeurIPS.cc/2025/Conference,2025,wpdLr5GmTz,19180,https://openreview.net/forum?id=wpdLr5GmTz,Beyond Prediction: Managing the Repercussions of Machine Learning Applications,accept,NeurIPS.cc/2025/Conference,True,title: Paper Decision | decision: Accept (poster) | comment: meta review forthcoming (in touch with sac),4,4,3 6 3 3,3 3 4 2,3.75,3.0,3.75,4,1,3,reject,False,,No public meta-review exposed,7,3952,4,3,0
